-- phpMyAdmin SQL Dump
-- version 5.2.0
-- https://www.phpmyadmin.net/
--
-- Host: 127.0.0.1
-- Generation Time: Oct 26, 2023 at 11:14 PM
-- Server version: 10.4.27-MariaDB
-- PHP Version: 8.2.0

SET SQL_MODE = "NO_AUTO_VALUE_ON_ZERO";
START TRANSACTION;
SET time_zone = "+00:00";


/*!40101 SET @OLD_CHARACTER_SET_CLIENT=@@CHARACTER_SET_CLIENT */;
/*!40101 SET @OLD_CHARACTER_SET_RESULTS=@@CHARACTER_SET_RESULTS */;
/*!40101 SET @OLD_COLLATION_CONNECTION=@@COLLATION_CONNECTION */;
/*!40101 SET NAMES utf8mb4 */;

--
-- Database: `db_imas`
--

-- --------------------------------------------------------

--
-- Table structure for table `tb_admin`
--

CREATE TABLE `tb_admin` (
  `id_admin` int(11) NOT NULL,
  `nama_lengkap` varchar(50) NOT NULL,
  `username` varchar(50) NOT NULL,
  `password` varchar(100) NOT NULL,
  `aktif` varchar(5) NOT NULL,
  `foto` varchar(225) NOT NULL
) ENGINE=InnoDB DEFAULT CHARSET=latin1 COLLATE=latin1_swedish_ci;

--
-- Dumping data for table `tb_admin`
--

INSERT INTO `tb_admin` (`id_admin`, `nama_lengkap`, `username`, `password`, `aktif`, `foto`) VALUES
(1, 'Dicky Imam Sobari', 'admin@gmail.com', 'd033e22ae348aeb5660fc2140aec35850c4da997', 'Y', 'admin.png');

-- --------------------------------------------------------

--
-- Table structure for table `tb_karyawan`
--

CREATE TABLE `tb_karyawan` (
  `id` int(11) NOT NULL,
  `kode` varchar(15) NOT NULL,
  `nama` varchar(120) NOT NULL,
  `email` varchar(65) NOT NULL,
  `alamat` varchar(30) NOT NULL,
  `password` varchar(100) NOT NULL,
  `jabatan` varchar(5) NOT NULL
) ENGINE=InnoDB DEFAULT CHARSET=latin1 COLLATE=latin1_swedish_ci;

--
-- Dumping data for table `tb_karyawan`
--

INSERT INTO `tb_karyawan` (`id`, `kode`, `nama`, `email`, `alamat`, `password`, `jabatan`) VALUES
(5, '001', 'Fatmawati S.Pd', 'fatmawati@gmail.com', '', 'e193a01ecf8d30ad0affefd332ce934e32ffce72', 'Y'),
(6, '002', 'Rahayu S.Pd', 'rahayu@gmail.com', '', '6fc978af728d43c59faa400d5f6e0471ac850d4c', 'Y'),
(7, '003', 'Jaka Subadri S.Pd', 'jakasubadri@gmail.com', '', '221407c03ae5c73109cce71d27e24637824f3333', 'Y'),
(8, '004', 'Tiwi Sukmawati S.Pd', 'tiwisukmawati@gmail.com', '', 'c63528a52274a35d1c07bd9e55a83c6eb073de81', 'Y');

-- --------------------------------------------------------

--
-- Table structure for table `tb_semester`
--

CREATE TABLE `tb_semester` (
  `id_semester` int(11) NOT NULL,
  `semester` varchar(45) NOT NULL,
  `status` int(10) NOT NULL
) ENGINE=InnoDB DEFAULT CHARSET=latin1 COLLATE=latin1_swedish_ci;

--
-- Dumping data for table `tb_semester`
--

INSERT INTO `tb_semester` (`id_semester`, `semester`, `status`) VALUES
(4, 'Ganjil', 1),
(5, 'Genap', 0);

-- --------------------------------------------------------

--
-- Table structure for table `tb_siswa`
--

CREATE TABLE `tb_siswa` (
  `id_siswa` int(11) NOT NULL,
  `nis` varchar(60) NOT NULL,
  `nama_siswa` varchar(120) NOT NULL,
  `tempat_lahir` varchar(100) NOT NULL,
  `tgl_lahir` date NOT NULL,
  `jk` varchar(30) NOT NULL,
  `alamat` text NOT NULL,
  `password` varchar(255) NOT NULL,
  `foto` varchar(255) NOT NULL,
  `status` varchar(15) NOT NULL,
  `th_angkatan` year(4) NOT NULL,
  `id_mkelas` int(11) NOT NULL
) ENGINE=InnoDB DEFAULT CHARSET=latin1 COLLATE=latin1_swedish_ci;

--
-- Dumping data for table `tb_siswa`
--

INSERT INTO `tb_siswa` (`id_siswa`, `nis`, `nama_siswa`, `tempat_lahir`, `tgl_lahir`, `jk`, `alamat`, `password`, `foto`, `status`, `th_angkatan`, `id_mkelas`) VALUES
(1, '001', 'Imam Hambali', 'Jakarta', '2020-03-01', 'L', 'Jl. Mawar', 'e193a01ecf8d30ad0affefd332ce934e32ffce72', '355-3553881_stockvader-predicted-adig-user-profile-icon-png-clipart.jpg', '1', 2020, 1),
(2, '002', 'Agis Sagita', 'bogor', '2012-06-02', 'P', 'jl. batok tenjo-bogor', '6fc978af728d43c59faa400d5f6e0471ac850d4c', '17603.png', '1', 2019, 3),
(3, '004', 'indah nuraeni', 'bogor', '2009-07-01', 'L', 'bogor', 'c63528a52274a35d1c07bd9e55a83c6eb073de81', '17603.png', '1', 2019, 1),
(4, '12345', 'Suci', 'TANGERANG', '2002-09-21', 'P', 'Kademangan', '8cb2237d0679ca88db6464eac60da96345513964', 'IMG_20180830_164642_853.jpg', '1', 2019, 1);

-- --------------------------------------------------------

--
-- Table structure for table `tb_thajaran`
--

CREATE TABLE `tb_thajaran` (
  `id_thajaran` int(11) NOT NULL,
  `tahun_ajaran` varchar(30) NOT NULL,
  `status` int(11) NOT NULL
) ENGINE=InnoDB DEFAULT CHARSET=latin1 COLLATE=latin1_swedish_ci;

--
-- Dumping data for table `tb_thajaran`
--

INSERT INTO `tb_thajaran` (`id_thajaran`, `tahun_ajaran`, `status`) VALUES
(7, '2019/2020', 0),
(8, '2020/2021', 1);

-- --------------------------------------------------------

--
-- Table structure for table `tb_walikelas`
--

CREATE TABLE `tb_walikelas` (
  `id_walikelas` int(11) NOT NULL,
  `id_guru` int(11) NOT NULL,
  `id_mkelas` int(11) NOT NULL
) ENGINE=InnoDB DEFAULT CHARSET=latin1 COLLATE=latin1_swedish_ci;

--
-- Dumping data for table `tb_walikelas`
--

INSERT INTO `tb_walikelas` (`id_walikelas`, `id_guru`, `id_mkelas`) VALUES
(1, 2, 1),
(2, 1, 2),
(3, 5, 3),
(4, 6, 1),
(5, 8, 2);

-- --------------------------------------------------------

--
-- Table structure for table `_logabsensi`
--

CREATE TABLE `_logabsensi` (
  `id_presensi` int(11) NOT NULL,
  `id_mengajar` int(11) NOT NULL,
  `id_siswa` int(11) NOT NULL,
  `tgl_absen` date NOT NULL,
  `ket` enum('H','I','S','T','A','C') NOT NULL,
  `pertemuan_ke` varchar(30) NOT NULL
) ENGINE=InnoDB DEFAULT CHARSET=latin1 COLLATE=latin1_swedish_ci;

--
-- Dumping data for table `_logabsensi`
--

INSERT INTO `_logabsensi` (`id_presensi`, `id_mengajar`, `id_siswa`, `tgl_absen`, `ket`, `pertemuan_ke`) VALUES
(1, 2, 1, '2021-03-02', '', '1'),
(2, 4, 2, '2021-03-06', 'I', '1'),
(3, 2, 1, '2021-03-21', 'H', '2'),
(4, 2, 3, '2021-03-21', 'H', '3'),
(5, 5, 1, '2021-03-21', 'H', '1'),
(6, 5, 3, '2021-03-21', 'H', '1'),
(7, 2, 1, '2021-03-23', 'H', '4'),
(8, 2, 3, '2021-03-23', 'I', '4'),
(9, 6, 1, '2021-03-23', 'H', '1'),
(10, 6, 3, '2021-03-23', 'H', '1'),
(11, 6, 4, '2021-03-23', 'H', '1'),
(12, 6, 1, '2021-03-25', 'I', '2'),
(13, 6, 3, '2021-03-25', 'I', '2'),
(14, 6, 4, '2021-03-25', 'I', '2');

--
-- Indexes for dumped tables
--

--
-- Indexes for table `tb_admin`
--
ALTER TABLE `tb_admin`
  ADD PRIMARY KEY (`id_admin`);

--
-- Indexes for table `tb_karyawan`
--
ALTER TABLE `tb_karyawan`
  ADD PRIMARY KEY (`id`);

--
-- Indexes for table `tb_semester`
--
ALTER TABLE `tb_semester`
  ADD PRIMARY KEY (`id_semester`);

--
-- Indexes for table `tb_siswa`
--
ALTER TABLE `tb_siswa`
  ADD PRIMARY KEY (`id_siswa`);

--
-- Indexes for table `tb_thajaran`
--
ALTER TABLE `tb_thajaran`
  ADD PRIMARY KEY (`id_thajaran`);

--
-- Indexes for table `tb_walikelas`
--
ALTER TABLE `tb_walikelas`
  ADD PRIMARY KEY (`id_walikelas`),
  ADD KEY `id_guru` (`id_guru`);

--
-- Indexes for table `_logabsensi`
--
ALTER TABLE `_logabsensi`
  ADD PRIMARY KEY (`id_presensi`);

--
-- AUTO_INCREMENT for dumped tables
--

--
-- AUTO_INCREMENT for table `tb_admin`
--
ALTER TABLE `tb_admin`
  MODIFY `id_admin` int(11) NOT NULL AUTO_INCREMENT, AUTO_INCREMENT=2;

--
-- AUTO_INCREMENT for table `tb_karyawan`
--
ALTER TABLE `tb_karyawan`
  MODIFY `id` int(11) NOT NULL AUTO_INCREMENT, AUTO_INCREMENT=9;

--
-- AUTO_INCREMENT for table `tb_semester`
--
ALTER TABLE `tb_semester`
  MODIFY `id_semester` int(11) NOT NULL AUTO_INCREMENT, AUTO_INCREMENT=6;

--
-- AUTO_INCREMENT for table `tb_siswa`
--
ALTER TABLE `tb_siswa`
  MODIFY `id_siswa` int(11) NOT NULL AUTO_INCREMENT, AUTO_INCREMENT=5;

--
-- AUTO_INCREMENT for table `tb_thajaran`
--
ALTER TABLE `tb_thajaran`
  MODIFY `id_thajaran` int(11) NOT NULL AUTO_INCREMENT, AUTO_INCREMENT=9;

--
-- AUTO_INCREMENT for table `tb_walikelas`
--
ALTER TABLE `tb_walikelas`
  MODIFY `id_walikelas` int(11) NOT NULL AUTO_INCREMENT, AUTO_INCREMENT=6;

--
-- AUTO_INCREMENT for table `_logabsensi`
--
ALTER TABLE `_logabsensi`
  MODIFY `id_presensi` int(11) NOT NULL AUTO_INCREMENT, AUTO_INCREMENT=15;
COMMIT;

/*!40101 SET CHARACTER_SET_CLIENT=@OLD_CHARACTER_SET_CLIENT */;
/*!40101 SET CHARACTER_SET_RESULTS=@OLD_CHARACTER_SET_RESULTS */;
/*!40101 SET COLLATION_CONNECTION=@OLD_COLLATION_CONNECTION */;
